 If projected  the data must be readable.  On a 10x10 projection screen  90% of viewers must be able to read Event / Activity data from a viewing distance of 30,Security,0.3671817481517792
 If projected  the data must be understandable. On a 10x10 projection screen  90% of viewers must be able to determine that Events or Activities are occuring in current time from a viewing distance of 100,Usability,0.26051777601242065
The product shall ensure that it can only be accessed by authorized users.  The product will be able to distinguish between authorized and unauthorized users in all access attempts,Usability,0.49266865849494934
The product shall be intuitive and self-explanatory.  :  90% of new users shall be able to start the display of Events or Activities within 90 minutes of using the product.,Usability,0.32416924834251404
The system shall be used by realtors with no training.,Usability,0.46973034739494324
The system shall be intuitive and self explanatory.,Usability,0.6375687122344971
The product shall be easy for a realtor to learn.,Usability,0.41127336025238037
The product shall use symbols and words that are naturally understandable by the realtor community.,Usability,0.407508909702301
The product shall be installed by an untrained realtor   without recourse to separately-printed instructions.,Usability,0.4239937365055084
90% of untrained realtors shall be able to install the product on their device without printed instructions,Usability,0.32159653306007385
Only registered realtors shall be able to access the system.,Usability,0.4114097058773041
Every user of the system shall be authenticated and authorized.,Usability,0.33885708451271057
The product shall prevent its data from incorrect data being introduced.,Usability,0.49678677320480347
The system shall be easy to use by the Program Administrators/Nursing Staff Members.,Usability,0.427073210477829
All of the users shall be able to use the system after one day of training.,Usability,0.37769079208374023
The system shall help the user avoid making mistakes while scheduling classes and clinicals for the nursing students.,Usability,0.2640083134174347
The number of mistakes noted by the students shall be decreased by 50% in the first year.,Usability,0.07506294548511505
The system shall be intuitive to the Program Administrators/Nursing Staff Members.,Usability,0.3719995617866516
2 out of 3 Program Administrators/Nursing Staff Members shall successfully be able to use the system to manage the scheduling of classes and clinicals.,Usability,0.2773606479167938
The system shall use symbols and words that are naturally understandable by the user community.,Usability,0.5038290023803711
The verbiage used within the system shall be consistent with Standard English and the terminology of the national Nursing Community.,Usability,0.3293975293636322
Only authorized users shall have access to clinical site information.,Usability,0.315353125333786
Program Administrators/Nursing Staff Members are the only people who shall have access to clinical site details.,Usability,0.22300496697425842
Only authorized users shall have access to students’ personal information.,Usability,0.26166701316833496
Dr Susan Poslusny and Dr Julie Donalek are the only people who shall have access to students’ personal information.,Usability,0.371010422706604
Only authorized users shall have access to the portion of the system that interfaces with CampusConnect.,Usability,0.21659645438194275
Fit Criterion: Dr Susan Poslusny and Karen Sysol are the only people who shall have access to the final class section scheduling for the system that interfaces with CampusConnect.,Usability,0.30057281255722046
The system shall have basic data integrity checking to reduce the possibility of incorrect or invalid data being introduced.,Security,0.4874708354473114
The system shall protect private information in accordance with the organization’s information policy.,Security,0.5065358281135559
The system shall be built such that it is as secure as possible from malicious interference.,Usability,0.4521007835865021
The system shall use the organization’s standard virus protection software to help monitor threats to itself.,Usability,0.31978246569633484
The list of dispute cases that are displayed after a search is performed must be color coded for easy identification of dispute cases based upon the dispute case status.,Security,0.4793168604373932
100% of the cardmember and merchant services representatives shall use the Disputes application regularly after a 2-day training course.,Usability,0.33161622285842896
100% of cardmember services representatives shall be able to successfully create a dispute case on the first encounter after completing the training course.,Usability,0.4597313404083252
100% of merchant services representatives shall be able to successfully perform a follow up action on a dispute case on the first encounter after completing the training course.,Usability,0.41890203952789307
The Disputes application shall ensure that only users with the appropriate access level are allowed to initiate dispute requests.,Usability,0.39504480361938477
Only users with Update access must be able to initiate dispute requests.,Usability,0.19302505254745483
The Disputes application shall ensure that only authorized users are allowed to logon to the application.,Usability,0.37008416652679443
 All authorized users  once authenticated must be able to logon to the Disputes System,Usability,0.34494563937187195
The Disputes System shall generate a User Report that details any new users that have been added and any changes to an existing user’s access level.  The report will be reviewed for auditing purposes.,Usability,0.2792779505252838
All additions of new users and modifications to user’s access shall be recorded on the User Report.,Usability,0.3111165463924408
 If a user account is revoked  it can only be re-instantiated by the System Administrator.,Usability,0.1483900547027588
Only the System Administrator shall be able to reset a revoked user logon account,Usability,0.2987004220485687
The Disputes application shall manipulate and view business data. Users will not have direct access to data files or databases.,Usability,0.22515636682510376
All updates to data files or database must be initiated from the Disputes System.,Usability,0.3117413818836212
The product shall be easy to use by Adjusters and Collision Estimators.  95% of Adjusters and Collision Estimators shall find the product easy to use.,Usability,0.42894989252090454
The product shall increase productivity of Collision Estimators. 80% of the Collision Estimators shall agree their productivity has increase within 1 month of using the product.,Usability,0.15077723562717438
Users shall feel satisfied using the product.  85% of all users will be satisfied with the product.,Usability,0.20495367050170898
The product shall be easy to learn by Adjusters and Collision Estimators.  The product shall be learned with two days onsite training,Usability,0.19729895889759064
The user shall easily locate instructions while using the product.  User help can be found within 90% of the system.,Usability,0.2840888500213623
Only adjusters can request recycled parts audit reports. No users without an adjuster role shall request recycled parts audits.,Security,0.5203609466552734
Only adjusters with a supervisor role can update preferred repair facility ratings. Users without the supervisor role cannot access the repair facility ratings.,Usability,0.39232850074768066
Only collision estimators shall search for recycled parts.  Users without the collision estimator role shall not have access to the search for recycled parts.,Usability,0.3946641981601715
Only valid data shall be entered into the system.  No invalid data shall be entered into the system.,Security,0.5110127329826355
One insurance company shall not be able to view another insurance companys claim data.,Usability,0.4369615614414215
The product shall free of computer viruses.,Usability,0.5172085762023926
The system shall prevent malicious attacks including denial of service.,Usability,0.44588735699653625
The product shall make the users want to use it. 80% of the users surveyed report they are regularly using the product after the first 2 weeks post-launch.,Usability,0.1272301822900772
The product shall be easy to use. 90% of users will be able to successfully reserve a conference room within 5 minutes of product use.,Usability,0.12216124683618546
The product shall give users feedback when necessary. 80% of the users surveyed report that the product accurately confirms their actions.,Usability,0.22194015979766846
The product shall allow the user to select a chosen language from one of the target market countries.,Usability,0.3351749777793884
The product shall allow for customization of start page and views preferences.,Usability,0.3743821084499359
 An employee will be able to successfully use the product within a few minutes.  After informally navigating the product for less than 15 minutes  users shall be able to successfully setup meetings and reserve conference rooms.,Usability,0.1838679015636444
The product shall use a standard navigation menu familiar to most web users.,Usability,0.42984259128570557
The product shall allow for intuitive searching of available conference rooms.,Usability,0.417277991771698
The product shall conform to the Americans with Disabilities Act.,Usability,0.45242923498153687
A new user must be able to be added to the system within 10 minutes.  90% of new users are able to log into the system within 10 minutes.,Usability,0.1251477301120758
Every registered user will have access to the product’s support site via the Internet.  70% of registered users shall find a solution to their problem within 5 minutes of using the support site.,Usability,0.15461365878582
 The product shall be translated into foreign languages other than the target market countries’ languages in future releases.  For each emerging target market  it shall take no more than 5 days to configure the product for that market’s language.,Usability,0.2543337047100067
The product shall ensure that only company employees or external users with company-approved user IDs may have product access.  100% of all logons shall be by either company employees or external users with company-approved user IDs.,Usability,0.39993759989738464
Only managers are able to perform search queries for reservations by user.  100% of all search queries for reservations by user shall be from logons of only management logons.,Usability,0.27458035945892334
The product shall ensure that the database’s data corresponds to the data entered by the user.  Each conference room reservation in the system will contain the same information as was entered by the user.,Usability,0.3492875099182129
The product shall prevent the input of malicious data.  The product and/or adjacent hardware/software systems’ data shall remain 100% uncorrupted each time malicious data is input into the product.,Security,0.3197847604751587
The product shall have the ability to receive automatic software updates as new threats emerge.  100% of customers will be able to receive automatic software updates transmitted to the installed product.,Usability,0.2903003394603729
The product shall be able to display calendar dates and times according to the user’s locale.  90% of survey respondents from each target market country will find that the date and time formatting of the product is correct.,Usability,0.3585132956504822
The System shall maintain consistent security.  Any changes in user passwords and/or permissions should take affect in all parts of the System.,Usability,0.3022705018520355
The System shall granularly control access rights to all major subsystems.  It should be possible to assign access rights to all subsystems independently.,Security,0.41064387559890747
The product should be able to be used by 90% of novice users on the Internet.,Usability,0.3520258963108063
 Users should only have to navigate through a maximum of 4 pages  to create an account with the website.,Usability,0.09042675048112869
Users should be able to access their streaming movies in under 2 clicks after logging into the website.,Usability,0.23362702131271362
An anonymous survey will show that 70% of customers are comfortable purchasing streaming movies after 2 weeks using the website.,Usability,0.15623615682125092
An anonymous survey will show that 95% of customers are comfortable using and purchasing pre-paid cards after a month of using the system.,Usability,0.12270519882440567
The product shall retain the customer’s buying preferences and information.,Usability,0.4895150065422058
The product shall be easy for customers with novice skills on the  Internet to purchase and watch streaming movies.  Customers should be able to purchase and watch a pre-determined movie in under 3 minutes.,Usability,0.2513470947742462
The product shall use symbols and words that are naturally understandable by users familiar with websites,Usability,0.3912205994129181
The website will use standard Internet conventions when interacting with the user.,Usability,0.4198998510837555
 All credit card information will be secured on the server  and only accessible by authorized Izogn administrators.  Information will be encrypted in the database.,Usability,0.27731525897979736
The website will provide a help section with answers and solutions to common problems.,Usability,0.2752763032913208
Only registered customers can purchase streaming movies.,Usability,0.32944488525390625
 A customer can only stream a movie if they purchased it  and are within the 2 day viewing period.,Usability,0.3037049472332001
Only authorized personnel can access customer records in the database.,Usability,0.38682985305786133
Only administrators can activate a pre-paid card.,Usability,0.10792950540781021
Only authorized personnel can access sales information.,Usability,0.4860057830810547
The website shall prevent its data from being corrupted when incorrect data is entered in.,Usability,0.31121551990509033
 The website shall protect itself from intentional abuse  and notify the administrator at all occurrences.,Usability,0.30358192324638367
Data integrity scripts will be run on a weekly basis to verify the integrity of the database.,Usability,0.3360743522644043
 The website shall make its user aware of its information practices before collection data from them via a Privacy Policy  accessible on all pages of the website.,Usability,0.36912772059440613
The system shall notify customers of changes to its information policy.,Usability,0.3417184054851532
The system shall reveal private information only in compliance with the organization’s information policy.,Usability,0.2962643504142761
 All customer information will be stored on a secure database  accessible only to authorized personnel.,Usability,0.23903852701187134
All credit card information will be encrypted in the database.,Usability,0.39330172538757324
The streaming server will have anti-virus software to prevent infection of malicious viruses.,Usability,0.3777189254760742
The product shall be intuitive and self-explanatory.  Nine out ten users shall be able to successfully complete a game with no training.,Usability,0.32701215147972107
 The product shall be available to players who understand English  Spanish and French.  The product shall allow the user to select the language upon accessing the product.,Usability,0.44448521733283997
The product shall provide players no access to information that might reveal the identity of another player,Usability,0.3683432340621948
The system shall be easy to use by callers and supervisors. Callers and supervisors must be able to accomplish any system task within 2 minutes.,Usability,0.19299082458019257
The system shall be easy to learn by callers and supervisors. Callers and supervisors shall learn how to use the system within 10 minutes.,Usability,0.22048956155776978
The product shall ensure that only supervisors can advertise empty time slots.The product must ensure that supervisors are allowed to access advertise empty time slots.,Security,0.5318415760993958
The product shall ensure that only supervisors can enter a caller’s schedule.The product must ensure that supervisors are allowed to access advertise empty time slots.,Usability,0.4464895725250244
The product shall ensure that only supervisors can view schedule of all callers.The product must ensure that supervisors are allowed to access advertise empty time slots.,Usability,0.37860652804374695
The product shall provide Monitoring Services.The product shall be easy for System Administrators and DBAs to use after two weeks of usage.,Usability,0.08516053110361099
The product shall provide Error Tracking Services.The product shall help the System Administrators and DBAs to resolve transaction errors 99% of the time.,Usability,0.06764500588178635
The product shall provide Portals.The product shall help System Administrators to analyze the transactions with ad-hoc reporting and KPIs (Key Performance Indicators),Usability,0.13663700222969055
 The product shall have security.The product shall provide authentication  and authorization.,Security,0.4791516363620758
The product shall information Security. The product shall enable privacy by encryption WS-Security and Integrity Checking.,Security,0.44205719232559204
The product shall have audit capabilities.The product shall store messages for a minimum of one year for audit and transaction tracking purposes.,Usability,0.17633414268493652
The system must use a point and click interface. 100% of all selection and navigation functionality must be able to be activated/selected by either a mouse or a keyboard,Security,0.4054090678691864
The interface shall be easy to use. 90% of users should be able to successfully use the system to generate a report on their first use. The interface should adhere to IBM usability standards.,Usability,0.2876066565513611
Rreports must be easy to generate. eports must be generated within one button click and exported within one button click (after selecting the report),Usability,0.19512291252613068
A user shall be able to use the system without instruction after a short amount of time. After one use a user should understand and remember 90% of the system usage and navigation.,Usability,0.24972839653491974
All CCR users shall receive training before the WCS system is deployed. One training session will be held for 100% of CCR users before system deployment (based on a CCR user being available),Usability,0.35907986760139465
The WCS system shall use appropriate nomenclature and terminology as defined by the Corporate Community Grants organization. All interfaces and reports will undergo usability tests by CCR users.,Usability,0.3453175723552704
The system shall only be accessed by authorized Corporate Community Grants (CCR) employees. Users must be authenticated using their IBM intranet user name and password.,Usability,0.16403689980506897
The WCS system shall not allow automatic logins by any user. Cookies containing WCS login information about a user will not be stored on a user’s computer.,Usability,0.3103767931461334
Each team owner will need to use a username and password in order to be authenticated to reach the team owner’s page,Usability,0.18634560704231262
The Commissioner will be the only authorized user per league to adjust league settings.,Usability,0.3732810914516449
	A new user shall be able to navigate through the league and team pages within 30 seconds of reaching the start-up page.,Usability,0.4213428497314453
 	Users shall be able to reach the ‘add’  ‘drop’  and ‘trade player’ pages with one click from the team owner’s page.,Usability,0.3704112470149994
	Users shall be able to view at least 25 NFL player statistics and points on each page.,Usability,0.31014707684516907
The application shall ask the user to confirm dropping a player or trading a player before performing the action.,Usability,0.3226103186607361
 	Only authorized user shall access the RFS system. ONLY users that exist in the UAS system  with the RFS system assigned to their role(s)  shall access the RFS system and use it.,Security,0.4363839328289032
	User access should be limited to the permissions granted to their role(s) Each level in the PCG hierarchy will be assigned a role and users will be assigned to these roles. Access to functionality within RFS system is dependent on the privileges/permission assigned to the role..,Security,0.5152849555015564
 	The users should be able to easily use the system to successfully complete their budgets  within the stipulated time for completion. With a week of training prior to product implementation  98% of the users shall complete their budgets within the stipulated time.,Usability,0.23867787420749664
